user_id,full_name,email,phone,signup_date
USR00001,Sara Smith,sara.smith1@example.com,+1-555-859-5506,2025-11-27
USR00002,Emma Hassan,emma.hassan2@example.com,+1-555-854-2679,2024-09-11
USR00003,Ahmed Miller,ahmed.miller3@example.com,+1-555-532-1520,2026-07-05
USR00004,Ahmed Ibrahim,ahmed.ibrahim4@example.com,+1-555-338-9279,2024-11-26
USR00005,James Davis,james.davis5@example.com,+1-555-303-9928,2025-06-01
USR00006,Emma Ali,emma.ali6@example.com,+1-555-703-5557,2024-04-28
USR00007,James Hassan,james.hassan7@example.com,+1-555-814-7924,2025-08-21
USR00008,Youssef Hassan,youssef.hassan8@example.com,+1-555-320-6514,2026-04-22
USR00009,Ahmed Mostafa,ahmed.mostafa9@example.com,+1-555-199-6881,2024-03-20
USR00010,Nour Miller,nour.miller10@example.com,+1-555-370-1711,2024-07-18
USR00011,Karim Davis,karim.davis11@example.com,+1-555-227-7201,2026-05-16
USR00012,Layla Farouk,layla.farouk12@example.com,+1-555-733-6925,2024-12-21
USR00013,Noah Saleh,noah.saleh13@example.com,+1-555-171-1750,2024-09-26
USR00014,Emma Brown,emma.brown14@example.com,+1-555-181-4814,2024-02-29
USR00015,Sara Mostafa,sara.mostafa15@example.com,+1-555-384-8428,2024-10-23
USR00016,Nour Hassan,nour.hassan16@example.com,+1-555-479-6820,2026-01-02
USR00017,Youssef Saleh,youssef.saleh17@example.com,+1-555-799-2169,2024-11-19
USR00018,Olivia Davis,olivia.davis18@example.com,+1-555-846-5010,2026-02-18
USR00019,Karim Mostafa,karim.mostafa19@example.com,+1-555-376-4598,2024-09-02
USR00020,Omar Smith,omar.smith20@example.com,+1-555-334-1525,2024-05-02
USR00021,Omar Mostafa,omar.mostafa21@example.com,+1-555-374-2084,2025-12-31
USR00022,Omar Ibrahim,omar.ibrahim22@example.com,+1-555-771-9179,2025-06-25
USR00023,Karim Hassan,karim.hassan23@example.com,+1-555-371-3287,2025-11-25
USR00024,Youssef Saleh,youssef.saleh24@example.com,+1-555-698-8019,2024-12-15
USR00025,Ali Williams,ali.williams25@example.com,+1-555-324-3266,2025-03-01
USR00026,Mona Johnson,mona.johnson26@example.com,+1-555-873-1771,2024-03-06
USR00027,Sara Hassan,sara.hassan27@example.com,+1-555-742-3621,2024-05-15
USR00028,Hana Miller,hana.miller28@example.com,+1-555-165-7304,2025-07-10
USR00029,Karim Davis,karim.davis29@example.com,+1-555-357-1188,2024-09-07
USR00030,Sara Farouk,sara.farouk30@example.com,+1-555-649-5371,2024-06-08
USR00031,Omar Johnson,omar.johnson31@example.com,+1-555-400-8123,2026-02-24
USR00032,Karim Smith,karim.smith32@example.com,+1-555-839-5315,2025-03-10
USR00033,Olivia Davis,olivia.davis33@example.com,+1-555-208-5889,2024-03-26
USR00034,Noah Hassan,noah.hassan34@example.com,+1-555-482-3646,2025-01-29
USR00035,James Miller,james.miller35@example.com,+1-555-431-9005,2026-07-16
USR00036,Sara Williams,sara.williams36@example.com,+1-555-999-6038,2025-12-02
USR00037,Mary Ibrahim,mary.ibrahim37@example.com,+1-555-999-2290,2026-05-09
USR00038,Mona Johnson,mona.johnson38@example.com,+1-555-878-9727,2024-06-11
USR00039,Liam Hassan,liam.hassan39@example.com,+1-555-775-8787,2025-01-19
USR00040,Olivia Brown,olivia.brown40@example.com,+1-555-640-7932,2025-12-31
USR00041,Noah Saleh,noah.saleh41@example.com,+1-555-419-7537,2024-09-16
USR00042,Nour Ali,nour.ali42@example.com,+1-555-629-8397,2026-04-03
USR00043,Emma Ibrahim,emma.ibrahim43@example.com,+1-555-165-6539,2026-07-14
USR00044,Emma Miller,emma.miller44@example.com,+1-555-325-1117,2026-05-24
USR00045,Mary Ibrahim,mary.ibrahim45@example.com,+1-555-169-1514,2024-03-07
USR00046,Omar Johnson,omar.johnson46@example.com,+1-555-626-4899,2025-10-23
USR00047,Mona Ibrahim,mona.ibrahim47@example.com,+1-555-652-3167,2024-07-25
USR00048,Mona Ibrahim,mona.ibrahim48@example.com,+1-555-903-8749,2024-04-30
USR00049,Hana Ibrahim,hana.ibrahim49@example.com,+1-555-196-2588,2024-09-29
USR00050,Hana Williams,hana.williams50@example.com,+1-555-533-7735,2025-04-13
USR00051,Mary Farouk,mary.farouk51@example.com,+1-555-769-2612,2026-06-03
USR00052,Ali Saleh,ali.saleh52@example.com,+1-555-447-2790,2025-11-23
USR00053,Noah Ibrahim,noah.ibrahim53@example.com,+1-555-649-8350,2026-03-14
USR00054,Hana Hassan,hana.hassan54@example.com,+1-555-385-8579,2025-11-22
USR00055,Ahmed Ali,ahmed.ali55@example.com,+1-555-927-2604,2026-06-14
USR00056,James Johnson,james.johnson56@example.com,+1-555-871-4872,2026-02-15
USR00057,Hana Ali,hana.ali57@example.com,+1-555-592-4502,2024-03-02
USR00058,Ali Smith,ali.smith58@example.com,+1-555-268-7209,2026-08-02
USR00059,Ali Brown,ali.brown59@example.com,+1-555-902-8454,2025-10-16
USR00060,Hana Saleh,hana.saleh60@example.com,+1-555-848-8973,2026-02-27
USR00061,Noah Brown,noah.brown61@example.com,+1-555-322-1958,2024-12-19
USR00062,Mary Saleh,mary.saleh62@example.com,+1-555-421-1936,2026-06-14
USR00063,Mona Davis,mona.davis63@example.com,+1-555-973-9701,2026-02-24
USR00064,Mary Davis,mary.davis64@example.com,+1-555-182-4044,2026-05-26
USR00065,Ahmed Farouk,ahmed.farouk65@example.com,+1-555-982-4853,2025-06-17
USR00066,Sara Miller,sara.miller66@example.com,+1-555-352-1651,2024-11-08
USR00067,Ahmed Mostafa,ahmed.mostafa67@example.com,+1-555-773-9565,2025-09-15
USR00068,Youssef Ibrahim,youssef.ibrahim68@example.com,+1-555-785-6147,2025-12-03
USR00069,Youssef Mostafa,youssef.mostafa69@example.com,+1-555-234-5915,2025-04-23
USR00070,Omar Johnson,omar.johnson70@example.com,+1-555-109-8508,2024-11-06
USR00071,Sara Johnson,sara.johnson71@example.com,+1-555-650-4492,2025-03-04
USR00072,Youssef Hassan,youssef.hassan72@example.com,+1-555-457-2127,2025-11-27
USR00073,Nour Brown,nour.brown73@example.com,+1-555-261-8179,2024-04-03
USR00074,Layla Miller,layla.miller74@example.com,+1-555-926-9666,2026-07-27
USR00075,Layla Farouk,layla.farouk75@example.com,+1-555-206-3200,2025-11-07
USR00076,Sara Johnson,sara.johnson76@example.com,+1-555-860-3546,2025-10-30
USR00077,Layla Miller,layla.miller77@example.com,+1-555-315-6617,2026-01-08
USR00078,Youssef Davis,youssef.davis78@example.com,+1-555-600-5114,2024-03-21
USR00079,Mary Johnson,mary.johnson79@example.com,+1-555-749-7939,2024-04-07
USR00080,Youssef Smith,youssef.smith80@example.com,+1-555-103-6464,2024-06-06
USR00081,Liam Farouk,liam.farouk81@example.com,+1-555-368-3647,2024-07-06
USR00082,Karim Davis,karim.davis82@example.com,+1-555-822-8007,2025-01-07
USR00083,James Johnson,james.johnson83@example.com,+1-555-177-3442,2025-01-23
USR00084,Mary Williams,mary.williams84@example.com,+1-555-696-3426,2025-05-21
USR00085,Liam Smith,liam.smith85@example.com,+1-555-415-6974,2024-05-11
USR00086,Mary Williams,mary.williams86@example.com,+1-555-315-5088,2024-09-21
USR00087,Sara Williams,sara.williams87@example.com,+1-555-898-7658,2024-11-07
USR00088,Liam Ibrahim,liam.ibrahim88@example.com,+1-555-985-3662,2024-05-07
USR00089,Olivia Mostafa,olivia.mostafa89@example.com,+1-555-125-3938,2024-07-11
USR00090,Omar Mostafa,omar.mostafa90@example.com,+1-555-921-5065,2025-11-04
USR00091,Olivia Saleh,olivia.saleh91@example.com,+1-555-210-7267,2024-02-23
USR00092,Mary Ali,mary.ali92@example.com,+1-555-327-4269,2024-04-20
USR00093,Karim Williams,karim.williams93@example.com,+1-555-412-4728,2025-12-19
USR00094,James Farouk,james.farouk94@example.com,+1-555-297-7528,2025-09-02
USR00095,Youssef Johnson,youssef.johnson95@example.com,+1-555-891-5573,2025-08-10
USR00096,Ali Farouk,ali.farouk96@example.com,+1-555-963-9785,2025-08-30
USR00097,James Johnson,james.johnson97@example.com,+1-555-998-5279,2026-02-03
USR00098,Youssef Smith,youssef.smith98@example.com,+1-555-211-8119,2025-08-16
USR00099,Omar Mostafa,omar.mostafa99@example.com,+1-555-720-9379,2026-04-08
USR00100,Ali Miller,ali.miller100@example.com,+1-555-294-5173,2026-06-20
USR00101,Hana Smith,hana.smith101@example.com,+1-555-632-9821,2024-08-31
USR00102,Noah Williams,noah.williams102@example.com,+1-555-541-2146,2024-09-23
USR00103,Omar Miller,omar.miller103@example.com,+1-555-421-3041,2024-07-28
USR00104,Layla Davis,layla.davis104@example.com,+1-555-416-7691,2025-09-04
USR00105,Ali Saleh,ali.saleh105@example.com,+1-555-402-3085,2026-01-20
USR00106,Hana Farouk,hana.farouk106@example.com,+1-555-488-3851,2024-11-12
USR00107,Layla Mostafa,layla.mostafa107@example.com,+1-555-661-1006,2025-09-27
USR00108,Layla Ibrahim,layla.ibrahim108@example.com,+1-555-540-6279,2025-04-15
USR00109,Karim Ali,karim.ali109@example.com,+1-555-791-4501,2025-02-27
USR00110,Mona Saleh,mona.saleh110@example.com,+1-555-273-2389,2025-10-18
USR00111,Omar Johnson,omar.johnson111@example.com,+1-555-938-4848,2024-09-15
USR00112,Layla Ibrahim,layla.ibrahim112@example.com,+1-555-925-4262,2026-03-07
USR00113,James Smith,james.smith113@example.com,+1-555-350-8784,2024-11-17
USR00114,Ahmed Ali,ahmed.ali114@example.com,+1-555-524-4185,2024-07-30
USR00115,Ali Ali,ali.ali115@example.com,+1-555-509-4997,2026-03-06
USR00116,James Johnson,james.johnson116@example.com,+1-555-897-7965,2025-12-23
USR00117,Olivia Saleh,olivia.saleh117@example.com,+1-555-630-8611,2026-06-14
USR00118,Emma Johnson,emma.johnson118@example.com,+1-555-567-3184,2024-05-06
USR00119,Karim Farouk,karim.farouk119@example.com,+1-555-643-6198,2024-06-22
USR00120,Karim Miller,karim.miller120@example.com,+1-555-934-9270,2025-05-25
USR00121,Karim Hassan,karim.hassan121@example.com,+1-555-861-8777,2025-05-01
USR00122,Youssef Ibrahim,youssef.ibrahim122@example.com,+1-555-960-5543,2024-06-11
USR00123,Mona Farouk,mona.farouk123@example.com,+1-555-344-5499,2025-05-11
USR00124,Ahmed Saleh,ahmed.saleh124@example.com,+1-555-392-4841,2025-10-30
USR00125,Omar Williams,omar.williams125@example.com,+1-555-653-2320,2026-03-16
USR00126,Liam Ibrahim,liam.ibrahim126@example.com,+1-555-492-3503,2024-08-11
USR00127,Noah Johnson,noah.johnson127@example.com,+1-555-524-7678,2025-08-31
USR00128,Karim Mostafa,karim.mostafa128@example.com,+1-555-163-4388,2024-04-04
USR00129,Hana Mostafa,hana.mostafa129@example.com,+1-555-888-1320,2024-03-10
USR00130,Ali Ali,ali.ali130@example.com,+1-555-106-6763,2025-10-03
USR00131,Ali Mostafa,ali.mostafa131@example.com,+1-555-651-9947,2024-05-07
USR00132,Emma Ali,emma.ali132@example.com,+1-555-324-5471,2025-05-15
USR00133,Mona Smith,mona.smith133@example.com,+1-555-498-6507,2024-09-19
USR00134,Ali Saleh,ali.saleh134@example.com,+1-555-269-8657,2026-03-27
USR00135,James Mostafa,james.mostafa135@example.com,+1-555-706-1444,2026-05-11
USR00136,Hana Hassan,hana.hassan136@example.com,+1-555-987-8564,2026-01-30
USR00137,Mary Brown,mary.brown137@example.com,+1-555-488-6363,2025-12-31
USR00138,Karim Williams,karim.williams138@example.com,+1-555-445-7211,2025-10-24
USR00139,Hana Brown,hana.brown139@example.com,+1-555-954-2341,2025-04-10
USR00140,James Saleh,james.saleh140@example.com,+1-555-652-1853,2025-08-11
USR00141,Emma Farouk,emma.farouk141@example.com,+1-555-170-1659,2024-06-23
USR00142,James Ibrahim,james.ibrahim142@example.com,+1-555-304-1333,2024-11-06
USR00143,Liam Ibrahim,liam.ibrahim143@example.com,+1-555-229-8758,2024-09-18
USR00144,Sara Miller,sara.miller144@example.com,+1-555-323-8619,2024-08-18
USR00145,Youssef Williams,youssef.williams145@example.com,+1-555-271-2876,2024-05-30
USR00146,Olivia Brown,olivia.brown146@example.com,+1-555-210-1420,2025-09-19
USR00147,Ali Mostafa,ali.mostafa147@example.com,+1-555-832-4249,2026-05-19
USR00148,Emma Johnson,emma.johnson148@example.com,+1-555-813-5941,2024-03-17
USR00149,Sara Miller,sara.miller149@example.com,+1-555-901-1672,2025-08-14
USR00150,Hana Farouk,hana.farouk150@example.com,+1-555-479-2129,2025-03-04
USR00151,Omar Smith,omar.smith151@example.com,+1-555-969-7882,2024-04-14
USR00152,Mona Johnson,mona.johnson152@example.com,+1-555-543-6934,2024-10-23
USR00153,Karim Saleh,karim.saleh153@example.com,+1-555-256-8135,2026-02-05
USR00154,Youssef Miller,youssef.miller154@example.com,+1-555-927-9817,2024-06-02
USR00155,Mona Ali,mona.ali155@example.com,+1-555-546-5397,2025-09-08
USR00156,Emma Johnson,emma.johnson156@example.com,+1-555-385-8385,2025-11-28
USR00157,Karim Miller,karim.miller157@example.com,+1-555-724-7209,2025-08-25
USR00158,James Ali,james.ali158@example.com,+1-555-971-6325,2026-01-30
USR00159,Mona Ibrahim,mona.ibrahim159@example.com,+1-555-463-5232,2025-08-21
USR00160,Youssef Miller,youssef.miller160@example.com,+1-555-818-5526,2025-01-12
USR00161,James Davis,james.davis161@example.com,+1-555-295-2402,2025-11-30
USR00162,Hana Ali,hana.ali162@example.com,+1-555-668-4937,2024-08-27
USR00163,Mona Farouk,mona.farouk163@example.com,+1-555-828-9041,2025-05-03
USR00164,James Johnson,james.johnson164@example.com,+1-555-401-4630,2025-06-16
USR00165,Emma Brown,emma.brown165@example.com,+1-555-779-7046,2025-04-07
USR00166,Nour Mostafa,nour.mostafa166@example.com,+1-555-863-6419,2025-08-09
USR00167,Karim Brown,karim.brown167@example.com,+1-555-413-5118,2025-12-11
USR00168,Sara Saleh,sara.saleh168@example.com,+1-555-297-6169,2026-04-04
USR00169,Olivia Ibrahim,olivia.ibrahim169@example.com,+1-555-321-8933,2025-10-25
USR00170,Layla Johnson,layla.johnson170@example.com,+1-555-952-4180,2025-10-05
USR00171,Emma Williams,emma.williams171@example.com,+1-555-283-5952,2026-07-21
USR00172,Liam Brown,liam.brown172@example.com,+1-555-146-1893,2025-01-15
USR00173,Layla Saleh,layla.saleh173@example.com,+1-555-229-9042,2026-04-21
USR00174,James Miller,james.miller174@example.com,+1-555-391-8690,2025-04-01
USR00175,Karim Williams,karim.williams175@example.com,+1-555-288-1841,2025-11-19
USR00176,Mona Johnson,mona.johnson176@example.com,+1-555-941-2070,2025-06-20
USR00177,Mona Johnson,mona.johnson177@example.com,+1-555-690-1878,2026-03-02
USR00178,Liam Miller,liam.miller178@example.com,+1-555-411-2395,2025-11-23
USR00179,Sara Davis,sara.davis179@example.com,+1-555-882-7818,2024-11-22
USR00180,Emma Davis,emma.davis180@example.com,+1-555-489-8381,2025-05-08
USR00181,Layla Miller,layla.miller181@example.com,+1-555-539-6003,2024-12-30
USR00182,Mary Miller,mary.miller182@example.com,+1-555-857-2625,2024-06-14
USR00183,Noah Farouk,noah.farouk183@example.com,+1-555-316-5335,2024-09-27
USR00184,Ahmed Hassan,ahmed.hassan184@example.com,+1-555-345-3847,2025-01-16
USR00185,Ahmed Hassan,ahmed.hassan185@example.com,+1-555-102-7693,2025-04-30
USR00186,Mona Brown,mona.brown186@example.com,+1-555-133-4792,2025-10-13
USR00187,Layla Saleh,layla.saleh187@example.com,+1-555-980-8438,2026-05-24
USR00188,Emma Brown,emma.brown188@example.com,+1-555-906-4241,2025-05-26
USR00189,Sara Davis,sara.davis189@example.com,+1-555-330-3441,2025-11-05
USR00190,Liam Johnson,liam.johnson190@example.com,+1-555-161-3718,2024-05-15
USR00191,Layla Miller,layla.miller191@example.com,+1-555-866-5728,2025-05-12
USR00192,Sara Ali,sara.ali192@example.com,+1-555-805-5982,2024-08-18
USR00193,Ali Brown,ali.brown193@example.com,+1-555-612-9847,2025-03-17
USR00194,Karim Johnson,karim.johnson194@example.com,+1-555-712-1653,2025-05-19
USR00195,Omar Miller,omar.miller195@example.com,+1-555-356-1423,2026-05-03
USR00196,Emma Farouk,emma.farouk196@example.com,+1-555-956-1339,2024-06-12
USR00197,Youssef Miller,youssef.miller197@example.com,+1-555-141-3870,2025-04-10
USR00198,Karim Brown,karim.brown198@example.com,+1-555-285-8141,2024-10-23
USR00199,Mona Johnson,mona.johnson199@example.com,+1-555-581-6700,2025-06-12
USR00200,Omar Williams,omar.williams200@example.com,+1-555-786-2713,2024-03-09
